seed,dimension,epsilon,direct,balanced,coverage,error
0,3,0.071,0.0502352453427,0.0502352453427,0.0502352453427,2.77555756156e-17
1,4,0.217,0.0674353625739,0.0674353625739,0.104303236089,1.2490009027e-16
2,5,0.413,0.024075723386,0.024075723386,0.0332317752904,7.97972798949e-17
3,6,0.071,0.0115326555188,0.0115326555188,0.0115326555188,9.36750677027e-17
4,3,0.217,0.174662569676,0.174662569676,0.174662569676,1.66533453694e-16
5,4,0.413,0.0534837438739,0.0534837438739,0.0534837438739,5.55111512313e-17
6,5,0.071,0.0619828368903,0.0619828368903,0.0619828368903,9.71445146547e-17
7,6,0.217,0.0132612079547,0.0132612079547,0.0141217343197,3.46944695195e-17
8,3,0.413,0.177488854881,0.177488854881,0.181982999221,5.55111512313e-17
9,4,0.071,0.0608374522461,0.0608374522461,0.0608374522461,8.32667268469e-17
10,5,0.217,0.0437375421486,0.0437375421486,0.0437375421486,4.16333634234e-17
11,6,0.413,0.0838630320256,0.0838630320256,0.0838630320256,1.38777878078e-16
12,3,0.071,0.0294598735097,0.0294598735097,0.0294598735097,3.12250225676e-17
13,4,0.217,0.0283684979707,0.0283684979707,0.0283684979707,2.08166817117e-17
14,5,0.413,0.0713664163265,0.0713664163265,0.139498270059,1.11022302463e-16
15,6,0.071,0.0555353690994,0.0555353690994,0.0555353690994,1.2490009027e-16
16,3,0.217,0.0740997028837,0.0740997028837,0.0740997028837,2.77555756156e-17
17,4,0.413,0.0888112285209,0.0888112285209,0.0888112285209,6.93889390391e-17
18,5,0.071,0.0380483306717,0.0380483306717,0.0380483306717,2.08166817117e-17
19,6,0.217,0.0376324479608,0.0376324479608,0.0376324479608,4.85722573274e-17
20,3,0.413,0.0542761774935,0.0542761774935,0.0542761774935,6.93889390391e-18
21,4,0.071,0.0657173266691,0.0657173266691,0.0657173266691,1.66533453694e-16
22,5,0.217,0.0439444616315,0.0439444616315,0.0439444616315,4.85722573274e-17
23,6,0.413,0.05795346378,0.05795346378,0.05795346378,1.38777878078e-16
24,3,0.071,0.0546924116253,0.0546924116253,0.0546924116253,4.16333634234e-17
25,4,0.217,0.0203384047554,0.0203384047554,0.0203384047554,1.11022302463e-16
26,5,0.413,0.0563074948959,0.0563074948959,0.0784100429718,8.32667268469e-17
27,6,0.071,0.0485926407303,0.0485926407303,0.0485926407303,9.02056207508e-17
28,3,0.217,0.0801432326273,0.0801432326273,0.0801432326273,4.16333634234e-17
29,4,0.413,0.136018601389,0.136018601389,0.136018601389,0
30,5,0.071,0.0145530164929,0.0145530164929,0.0145530164929,8.32667268469e-17
31,6,0.217,0.0424713812581,0.0424713812581,0.0424713812581,2.63677968348e-16
32,3,0.413,0.0785141016886,0.0785141016886,0.0785141016886,8.32667268469e-17
33,4,0.071,0.04142284671,0.04142284671,0.04142284671,0
34,5,0.217,0.0323642727276,0.0323642727276,0.0323642727276,1.2490009027e-16
35,6,0.413,0.0751739302275,0.0751739302275,0.120077714222,1.38777878078e-17
36,3,0.071,0.0942305587078,0.0942305587078,0.0942305587078,1.38777878078e-17
37,4,0.217,0.100946557607,0.100946557607,0.104229796287,8.32667268469e-17
38,5,0.413,0.0920622182433,0.0920622182433,0.103032630101,6.93889390391e-17
39,6,0.071,0.0185587765413,0.0185587765413,0.0185587765413,1.04083408559e-17
40,3,0.217,0.0673386992111,0.0673386992111,0.070387206107,1.38777878078e-16
41,4,0.413,0.0897443056423,0.0897443056423,0.163569900218,8.32667268469e-17
42,5,0.071,0.00484905309481,0.00484905309481,0.00484905309481,1.11022302463e-16
43,6,0.217,0.0214247959761,0.0214247959761,0.0214247959761,1.49186218934e-16
44,3,0.413,0.132251669571,0.132251669571,0.132251669571,8.32667268469e-17
45,4,0.071,0.0410290701377,0.0410290701377,0.0410290701377,2.77555756156e-17
46,5,0.217,0.0323838696132,0.0323838696132,0.0323838696132,9.02056207508e-17
47,6,0.413,0.0254820777417,0.0254820777417,0.0254820777417,1.00613961607e-16
48,3,0.071,0.0605561202317,0.0605561202317,0.0605561202317,1.17961196366e-16
49,4,0.217,0.100881170961,0.100881170961,0.100881170961,1.11022302463e-16
50,5,0.413,0.0267691695677,0.0267691695677,0.0456394126678,6.93889390391e-18
51,6,0.071,0.0281844878661,0.0281844878661,0.0281844878661,1.73472347598e-17
52,3,0.217,0.0711577418939,0.0711577418939,0.0711577418939,6.93889390391e-17
53,4,0.413,0.0660838980587,0.0660838980587,0.0660838980587,2.08166817117e-16
54,5,0.071,0.0237478649838,0.0237478649838,0.0237478649838,3.46944695195e-18
55,6,0.217,0.080018088017,0.080018088017,0.0811396217007,8.32667268469e-17
56,3,0.413,0.0356827084669,0.0356827084669,0.0356827084669,5.55111512313e-17
57,4,0.071,0.035915695939,0.035915695939,0.035915695939,6.93889390391e-18
58,5,0.217,0.0351817240899,0.0351817240899,0.0351817240899,1.66533453694e-16
59,6,0.413,0.0421510176348,0.0421510176348,0.0421510176348,9.02056207508e-17
60,3,0.071,0.062102821703,0.062102821703,0.062102821703,6.93889390391e-18
61,4,0.217,0.0334961102575,0.0334961102575,0.0334961102575,1.73472347598e-16
62,5,0.413,0.0527135796808,0.0527135796808,0.0788608653308,1.2490009027e-16
63,6,0.071,0.0369435120409,0.0369435120409,0.0369435120409,1.52655665886e-16
64,3,0.217,0.0819517464898,0.0819517464898,0.0819517464898,0
65,4,0.413,0.0620799180796,0.0620799180796,0.0620799180796,4.16333634234e-17
66,5,0.071,0.0236684250114,0.0236684250114,0.0236684250114,0
67,6,0.217,0.0265306152731,0.0265306152731,0.0265306152731,1.35308431126e-16
68,3,0.413,0.0592416019271,0.0592416019271,0.0592416019271,4.85722573274e-17
69,4,0.071,0.0403444679401,0.0403444679401,0.0403444679401,2.08166817117e-16
70,5,0.217,0.0488322746821,0.0488322746821,0.0488322746821,1.38777878078e-17
71,6,0.413,0.0890760159831,0.0890760159831,0.0908624576797,1.38777878078e-16
72,3,0.071,0.0469570621091,0.0469570621091,0.0469570621091,8.32667268469e-17
73,4,0.217,0.04204302748,0.04204302748,0.04204302748,9.02056207508e-17
74,5,0.413,0.0628991391498,0.0628991391498,0.0962330361239,2.77555756156e-17
75,6,0.071,0.0254929556507,0.0254929556507,0.0254929556507,4.85722573274e-17
76,3,0.217,0.0813763834854,0.0813763834854,0.0813763834854,1.38777878078e-17
77,4,0.413,0.0905084542381,0.0905084542381,0.0905084542381,1.66533453694e-16
78,5,0.071,0.0382901206279,0.0382901206279,0.0382901206279,1.38777878078e-17
79,6,0.217,0.0371287100911,0.0371287100911,0.0371287100911,9.71445146547e-17
80,3,0.413,0.115708364642,0.115708364642,0.115708364642,5.55111512313e-17
81,4,0.071,0.0497167100298,0.0497167100298,0.0497167100298,1.17961196366e-16
82,5,0.217,0.0218057506612,0.0218057506612,0.0218057506612,1.04083408559e-17
83,6,0.413,0.122540898178,0.122540898178,0.122540898178,1.66533453694e-16
84,3,0.071,0.066288943159,0.066288943159,0.066288943159,2.77555756156e-17
85,4,0.217,0.0401961817159,0.0401961817159,0.0401961817159,1.52655665886e-16
86,5,0.413,0.113983634366,0.113983634366,0.187213038824,1.11022302463e-16
87,6,0.071,0.0391169777169,0.0391169777169,0.0391169777169,6.24500451352e-17
88,3,0.217,0.0926179510309,0.0926179510309,0.0926179510309,8.32667268469e-17
89,4,0.413,0.147673794636,0.147673794636,0.147673794636,2.77555756156e-17
90,5,0.071,0.0576047915031,0.0576047915031,0.0576047915031,7.6327832943e-17
91,6,0.217,0.0419802439637,0.0419802439637,0.0419802439637,6.93889390391e-18
92,3,0.413,0.0574496357953,0.0574496357953,0.0574496357953,2.08166817117e-16
93,4,0.071,0.0919246505471,0.0919246505471,0.0919246505471,1.80411241502e-16
94,5,0.217,0.0463690088087,0.0463690088087,0.0463690088087,1.04083408559e-16
95,6,0.413,0.0772692781929,0.0772692781929,0.0772692781929,1.2490009027e-16
96,3,0.071,0.0625086767105,0.0625086767105,0.0625086767105,1.38777878078e-16
97,4,0.217,0.0705680727474,0.0705680727474,0.0705680727474,1.11022302463e-16
98,5,0.413,0.0482722643163,0.0482722643163,0.0482722643163,1.80411241502e-16
99,6,0.071,0.038980253736,0.038980253736,0.038980253736,1.11022302463e-16
100,3,0.217,0.129481926616,0.129481926616,0.129481926616,1.11022302463e-16
101,4,0.413,0.0930084232005,0.0930084232005,0.168256513887,1.38777878078e-17
102,5,0.071,0.012209911072,0.012209911072,0.012209911072,2.32452945781e-16
103,6,0.217,0.0146096464873,0.0146096464873,0.0146096464873,1.21430643318e-16
104,3,0.413,0.107224038583,0.107224038583,0.107224038583,1.66533453694e-16
105,4,0.071,0.0968114001435,0.0968114001435,0.0968114001435,9.71445146547e-17
106,5,0.217,0.0366187105282,0.0366187105282,0.0366187105282,5.55111512313e-17
107,6,0.413,0.0347562304877,0.0347562304877,0.0347562304877,9.71445146547e-17
108,3,0.071,0.10695995554,0.10695995554,0.10695995554,1.11022302463e-16
109,4,0.217,0.0427217895531,0.0427217895531,0.0427217895531,2.08166817117e-17
110,5,0.413,0.0987899898694,0.0987899898694,0.142451369016,1.38777878078e-17
111,6,0.071,0.0386546558324,0.0386546558324,0.0386546558324,5.55111512313e-17
112,3,0.217,0.0206112061215,0.0206112061215,0.0206112061215,1.73472347598e-17
113,4,0.413,0.073943810295,0.073943810295,0.137883104867,2.77555756156e-17
114,5,0.071,0.0308559095203,0.0308559095203,0.0308559095203,2.42861286637e-17
115,6,0.217,0.0270210161519,0.0270210161519,0.0270210161519,7.2858385991e-17
116,3,0.413,0.0780728263389,0.0780728263389,0.0780728263389,4.16333634234e-17
117,4,0.071,0.0580988355118,0.0580988355118,0.0580988355118,4.16333634234e-17
118,5,0.217,0.042227160138,0.042227160138,0.042227160138,4.16333634234e-17
119,6,0.413,0.0739444636256,0.0739444636256,0.0841502988881,4.16333634234e-17
120,3,0.071,0.0861944116008,0.0861944116008,0.0861944116008,0
121,4,0.217,0.0732269270472,0.0732269270472,0.0732269270472,1.38777878078e-17
122,5,0.413,0.0672689521349,0.0672689521349,0.112769650365,4.16333634234e-17
123,6,0.071,0.0413522706252,0.0413522706252,0.0413522706252,4.85722573274e-17
124,3,0.217,0.0716909117436,0.0716909117436,0.0716909117436,4.16333634234e-17
125,4,0.413,0.0427312584397,0.0427312584397,0.0643702417296,6.93889390391e-18
126,5,0.071,0.0355638806835,0.0355638806835,0.0355638806835,1.38777878078e-17
127,6,0.217,0.0112884169693,0.0112884169693,0.0215768378137,8.32667268469e-17
128,3,0.413,0.0794115432355,0.0794115432355,0.0794115432355,1.38777878078e-17
129,4,0.071,0.0288786954041,0.0288786954041,0.0288786954041,7.6327832943e-17
130,5,0.217,0.0377845758434,0.0377845758434,0.0377845758434,6.93889390391e-17
131,6,0.413,0.0177922840983,0.0177922840983,0.0306855553805,1.38777878078e-17
132,3,0.071,0.0977605293056,0.0977605293056,0.0977605293056,8.32667268469e-17
133,4,0.217,0.0454165918476,0.0454165918476,0.0454165918476,4.16333634234e-17
134,5,0.413,0.0875779127088,0.0875779127088,0.0875779127088,1.38777878078e-17
135,6,0.071,0.0235400290733,0.0235400290733,0.0235400290733,3.12250225676e-17
136,3,0.217,0.0650925536821,0.0650925536821,0.0650925536821,5.55111512313e-17
137,4,0.413,0.0856682959102,0.0856682959102,0.160346961923,1.38777878078e-17
138,5,0.071,0.0310172355683,0.0310172355683,0.0310172355683,5.89805981832e-17
139,6,0.217,0.0192181579332,0.0192181579332,0.0316303874828,4.51028103754e-17
140,3,0.413,0.150681282685,0.150681282685,0.232542636595,2.77555756156e-17
141,4,0.071,0.0562145859778,0.0562145859778,0.0562145859778,4.16333634234e-17
142,5,0.217,0.0401538926539,0.0401538926539,0.0401538926539,5.55111512313e-17
143,6,0.413,0.0360568199154,0.0360568199154,0.0360568199154,6.93889390391e-17
144,3,0.071,0.0514894192752,0.0514894192752,0.0514894192752,3.46944695195e-17
145,4,0.217,0.0452554874134,0.0452554874134,0.0452554874134,9.71445146547e-17
146,5,0.413,0.0921974773946,0.0921974773946,0.0921974773946,2.77555756156e-17
147,6,0.071,0.0189891390752,0.0189891390752,0.0189891390752,1.31838984174e-16
148,3,0.217,0.0526481527981,0.0526481527981,0.0526481527981,4.85722573274e-17
149,4,0.413,0.0338271650368,0.0338271650368,0.0631432217239,1.38777878078e-17
150,5,0.071,0.0712166239903,0.0712166239903,0.0712166239903,1.66533453694e-16
151,6,0.217,0.0522825254151,0.0522825254151,0.0522825254151,1.11022302463e-16
152,3,0.413,0.149848763214,0.149848763214,0.149848763214,5.55111512313e-17
153,4,0.071,0.0334572208961,0.0334572208961,0.0334572208961,4.85722573274e-17
154,5,0.217,0.0493290339548,0.0493290339548,0.0493290339548,4.16333634234e-17
155,6,0.413,0.0492080132255,0.0492080132255,0.0827755419797,1.38777878078e-17
156,3,0.071,0.118066708279,0.118066708279,0.118066708279,2.77555756156e-17
157,4,0.217,0.0888232019947,0.0888232019947,0.0962006517194,2.77555756156e-17
158,5,0.413,0.104171010867,0.104171010867,0.144518728959,4.16333634234e-17
159,6,0.071,0.0460662937641,0.0460662937641,0.0460662937641,1.2490009027e-16
160,3,0.217,0.0618026633181,0.0618026633181,0.0618026633181,1.11022302463e-16
161,4,0.413,0.0897653661601,0.0897653661601,0.154095582276,2.77555756156e-17
162,5,0.071,0.02726262378,0.02726262378,0.02726262378,5.55111512313e-17
163,6,0.217,0.0274567745893,0.0274567745893,0.0274567745893,4.16333634234e-17
164,3,0.413,0.0957934883392,0.0957934883392,0.0957934883392,6.93889390391e-17
165,4,0.071,0.0454639030307,0.0454639030307,0.0454639030307,7.6327832943e-17
166,5,0.217,0.0804418710558,0.0804418710558,0.0804418710558,4.16333634234e-17
167,6,0.413,0.098380021776,0.098380021776,0.141572545946,2.77555756156e-17
168,3,0.071,0.0782866920851,0.0782866920851,0.0782866920851,5.55111512313e-17
169,4,0.217,0.0569621956696,0.0569621956696,0.0569621956696,8.32667268469e-17
170,5,0.413,0.040505211357,0.040505211357,0.0787725975629,6.93889390391e-17
171,6,0.071,0.0283722721864,0.0283722721864,0.0283722721864,6.24500451352e-17
172,3,0.217,0.0473538123585,0.0473538123585,0.0473538123585,6.93889390391e-17
173,4,0.413,0.0868953306041,0.0868953306041,0.0868953306041,1.2490009027e-16
174,5,0.071,0.0115400778668,0.0115400778668,0.0115400778668,7.2858385991e-17
175,6,0.217,0.0289651583935,0.0289651583935,0.0289651583935,8.32667268469e-17
176,3,0.413,0.111667608424,0.111667608424,0.111667608424,1.2490009027e-16
177,4,0.071,0.0264081913613,0.0264081913613,0.0264081913613,6.93889390391e-17
178,5,0.217,0.0572415107922,0.0572415107922,0.0572415107922,6.93889390391e-17
179,6,0.413,0.0251990401041,0.0251990401041,0.0251990401041,7.97972798949e-17
180,3,0.071,0.0856733228177,0.0856733228177,0.0856733228177,2.77555756156e-17
181,4,0.217,0.035331143591,0.035331143591,0.035331143591,8.32667268469e-17
182,5,0.413,0.0686644788486,0.0686644788486,0.13656103432,0
183,6,0.071,0.0347700815434,0.0347700815434,0.0347700815434,1.17961196366e-16
184,3,0.217,0.075197931937,0.075197931937,0.075197931937,2.77555756156e-17
185,4,0.413,0.0440882953731,0.0440882953731,0.0870144816014,4.85722573274e-17
186,5,0.071,0.0480518921142,0.0480518921142,0.0480518921142,1.45716771982e-16
187,6,0.217,0.0159941370516,0.0159941370516,0.0159941370516,5.89805981832e-17
188,3,0.413,0.154620219281,0.154620219281,0.154620219281,2.49800180541e-16
189,4,0.071,0.0321791210444,0.0321791210444,0.0321791210444,1.80411241502e-16
190,5,0.217,0.0373890204275,0.0373890204275,0.0373890204275,1.38777878078e-16
191,6,0.413,0.0633360359622,0.0633360359622,0.0633360359622,2.77555756156e-17
192,3,0.071,0.0198804498405,0.0198804498405,0.0198804498405,8.32667268469e-17
193,4,0.217,0.0204577142177,0.0204577142177,0.0204577142177,4.16333634234e-17
194,5,0.413,0.059609790677,0.059609790677,0.0783430306398,1.5959455979e-16
195,6,0.071,0.0190636758033,0.0190636758033,0.0242483813163,1.04083408559e-17
196,3,0.217,0.0918345405651,0.0918345405651,0.0918345405651,1.11022302463e-16
197,4,0.413,0.0462422999184,0.0462422999184,0.0462422999184,1.2490009027e-16
198,5,0.071,0.0656414267687,0.0656414267687,0.106116546889,5.55111512313e-17
199,6,0.217,0.0438184160918,0.0438184160918,0.0438184160918,5.55111512313e-17
200,3,0.413,0.11021361543,0.11021361543,0.130552862619,1.94289029309e-16
201,4,0.071,0.060499680738,0.060499680738,0.060499680738,4.16333634234e-17
202,5,0.217,0.0596661967202,0.0596661967202,0.0679781814509,5.55111512313e-17
203,6,0.413,0.0661062036894,0.0661062036894,0.0666329440778,1.38777878078e-16
204,3,0.071,0.0578499732887,0.0578499732887,0.0578499732887,6.24500451352e-17
205,4,0.217,0.0638876221902,0.0638876221902,0.0638876221902,5.55111512313e-17
206,5,0.413,0.0798137399915,0.0798137399915,0.0798137399915,2.77555756156e-17
207,6,0.071,0.0417102682511,0.0417102682511,0.0417102682511,2.77555756156e-17
208,3,0.217,0.226442546912,0.226442546912,0.226442546912,1.11022302463e-16
209,4,0.413,0.0369856688099,0.0369856688099,0.0465236818082,1.5959455979e-16
210,5,0.071,0.0389523441654,0.0389523441654,0.0389523441654,0
211,6,0.217,0.0225693844627,0.0225693844627,0.0389468219061,9.02056207508e-17
212,3,0.413,0.155800034478,0.155800034478,0.170926642812,8.32667268469e-17
213,4,0.071,0.043032736979,0.043032736979,0.043032736979,1.17961196366e-16
214,5,0.217,0.0651380076327,0.0651380076327,0.0651380076327,2.49800180541e-16
215,6,0.413,0.0401147330933,0.0401147330933,0.0619814607599,1.38777878078e-17
216,3,0.071,0.119195720833,0.119195720833,0.119195720833,2.77555756156e-17
217,4,0.217,0.0737083744485,0.0737083744485,0.0737083744485,0
218,5,0.413,0.0373923071535,0.0373923071535,0.0686830384888,0
219,6,0.071,0.025177798722,0.025177798722,0.025177798722,1.73472347598e-17
220,3,0.217,0.126817030385,0.126817030385,0.134811838111,0
221,4,0.413,0.10937168865,0.10937168865,0.10937168865,9.71445146547e-17
222,5,0.071,0.0287761045971,0.0287761045971,0.0287761045971,7.97972798949e-17
223,6,0.217,0.0379424132327,0.0379424132327,0.0379424132327,8.32667268469e-17
224,3,0.413,0.115841713583,0.115841713583,0.115841713583,4.16333634234e-17
225,4,0.071,0.0676949660584,0.0676949660584,0.0676949660584,8.32667268469e-17
226,5,0.217,0.0186830350675,0.0186830350675,0.0186830350675,1.83880688454e-16
227,6,0.413,0.0285512239667,0.0285512239667,0.0285512239667,1.00613961607e-16
228,3,0.071,0.053754461895,0.053754461895,0.053754461895,2.77555756156e-17
229,4,0.217,0.0391294963309,0.0391294963309,0.0391294963309,1.11022302463e-16
230,5,0.413,0.0534107109124,0.0534107109124,0.0844349921135,3.46944695195e-17
231,6,0.071,0.0319428460047,0.0319428460047,0.0482848762965,6.24500451352e-17
232,3,0.217,0.0794401895908,0.0794401895908,0.0794401895908,1.38777878078e-17
233,4,0.413,0.0992098924444,0.0992098924444,0.147957559132,4.16333634234e-17
234,5,0.071,0.0317352035364,0.0317352035364,0.0317352035364,3.46944695195e-17
235,6,0.217,0.0494762759302,0.0494762759302,0.0494762759302,4.16333634234e-17
236,3,0.413,0.157976177005,0.157976177005,0.157976177005,2.77555756156e-16
237,4,0.071,0.0884163674112,0.0884163674112,0.0884163674112,2.77555756156e-17
238,5,0.217,0.00701478421335,0.00701478421335,0.00701478421335,1.10154940725e-16
239,6,0.413,0.05326980346,0.05326980346,0.0993996630419,5.55111512313e-17
240,3,0.071,0.0327697517644,0.0327697517644,0.0327697517644,1.11022302463e-16
241,4,0.217,0.0471168090756,0.0471168090756,0.0762449324484,1.31838984174e-16
242,5,0.413,0.0582512806842,0.0582512806842,0.0582512806842,6.93889390391e-18
243,6,0.071,0.0281254020423,0.0281254020423,0.0281254020423,1.04083408559e-16
244,3,0.217,0.084355004026,0.084355004026,0.084355004026,1.66533453694e-16
245,4,0.413,0.0568249463669,0.0568249463669,0.0568249463669,2.77555756156e-17
246,5,0.071,0.0258833445428,0.0258833445428,0.0258833445428,9.36750677027e-17
247,6,0.217,0.053487771227,0.053487771227,0.053487771227,1.38777878078e-17
248,3,0.413,0.0873497816841,0.0873497816841,0.0873497816841,1.38777878078e-16
249,4,0.071,0.0463462976895,0.0463462976895,0.0463462976895,9.71445146547e-17
250,5,0.217,0.0559342205219,0.0559342205219,0.0559342205219,6.93889390391e-17
251,6,0.413,0.0508279940554,0.0508279940554,0.0773241610639,4.85722573274e-17
252,3,0.071,0.0479680224817,0.0479680224817,0.0479680224817,5.55111512313e-17
253,4,0.217,0.0426481433535,0.0426481433535,0.0426481433535,1.31838984174e-16
254,5,0.413,0.0508256705352,0.0508256705352,0.0806201024718,1.45716771982e-16
255,6,0.071,0.0399772689241,0.0399772689241,0.0399772689241,4.16333634234e-17
256,3,0.217,0.0421714563227,0.0421714563227,0.0421714563227,1.2490009027e-16
257,4,0.413,0.078518171578,0.078518171578,0.078518171578,8.32667268469e-17
258,5,0.071,0.0388241109597,0.0388241109597,0.0388241109597,1.52655665886e-16
259,6,0.217,0.02816126307,0.02816126307,0.02816126307,1.73472347598e-17
260,3,0.413,0.176990103502,0.176990103502,0.176990103502,1.38777878078e-16
261,4,0.071,0.0920228266499,0.0920228266499,0.0920228266499,4.16333634234e-17
262,5,0.217,0.0905781760119,0.0905781760119,0.0905781760119,8.32667268469e-17
263,6,0.413,0.01542969585,0.01542969585,0.01542969585,1.00613961607e-16
264,3,0.071,0.0652071370803,0.0652071370803,0.0652071370803,8.32667268469e-17
265,4,0.217,0.0416946880108,0.0416946880108,0.0416946880108,7.6327832943e-17
266,5,0.413,0.0626415506091,0.0626415506091,0.0928801096102,1.11022302463e-16
267,6,0.071,0.0381715350018,0.0381715350018,0.0381715350018,1.45716771982e-16
268,3,0.217,0.0789096105154,0.0789096105154,0.0789096105154,9.71445146547e-17
269,4,0.413,0.0401532881011,0.0401532881011,0.0401532881011,4.85722573274e-17
270,5,0.071,0.0536737855576,0.0536737855576,0.0536737855576,1.38777878078e-17
271,6,0.217,0.0089960904536,0.0089960904536,0.0089960904536,2.77555756156e-17
272,3,0.413,0.112238603554,0.112238603554,0.112238603554,1.38777878078e-17
273,4,0.071,0.0325863206382,0.0325863206382,0.0325863206382,4.16333634234e-17
274,5,0.217,0.0381634448222,0.0381634448222,0.0381634448222,6.93889390391e-17
275,6,0.413,0.046165571,0.046165571,0.046165571,6.93889390391e-18
276,3,0.071,0.0397197824071,0.0397197824071,0.0397197824071,1.66533453694e-16
277,4,0.217,0.0174558337312,0.0174558337312,0.0174558337312,2.42861286637e-17
278,5,0.413,0.0491702548042,0.0491702548042,0.0881728445873,8.32667268469e-17
279,6,0.071,0.0191360845326,0.0191360845326,0.0191360845326,1.14491749414e-16
280,3,0.217,0.088151822515,0.088151822515,0.088151822515,1.38777878078e-17
281,4,0.413,0.0735773270431,0.0735773270431,0.139647176595,0
282,5,0.071,0.056122066751,0.056122066751,0.056122066751,6.24500451352e-17
283,6,0.217,0.0338886351861,0.0338886351861,0.0338886351861,1.38777878078e-16
284,3,0.413,0.076638419709,0.076638419709,0.076638419709,1.94289029309e-16
285,4,0.071,0.0583619868339,0.0583619868339,0.0583619868339,1.45716771982e-16
286,5,0.217,0.0592189992872,0.0592189992872,0.0592189992872,6.93889390391e-18
287,6,0.413,0.093332900869,0.093332900869,0.124458947006,6.93889390391e-17
288,3,0.071,0.0663222666105,0.0663222666105,0.0663222666105,0
289,4,0.217,0.0838770118907,0.0838770118907,0.0838770118907,8.32667268469e-17
290,5,0.413,0.0484852136293,0.0484852136293,0.0672800764176,9.71445146547e-17
291,6,0.071,0.0125283564039,0.0125283564039,0.0125283564039,5.55111512313e-17
292,3,0.217,0.0895703051832,0.0895703051832,0.0895703051832,1.2490009027e-16
293,4,0.413,0.123622571872,0.123622571872,0.123622571872,2.77555756156e-17
294,5,0.071,0.036036922658,0.036036922658,0.036036922658,6.24500451352e-17
295,6,0.217,0.0163954992869,0.0163954992869,0.0163954992869,1.21430643318e-16
296,3,0.413,0.0364228047006,0.0364228047006,0.0364228047006,2.08166817117e-17
297,4,0.071,0.0624479445534,0.0624479445534,0.0624479445534,0
298,5,0.217,0.0261679444884,0.0261679444884,0.0261679444884,9.02056207508e-17
299,6,0.413,0.0773801561786,0.0773801561786,0.118642388704,1.38777878078e-17
